<?xml version="1.0" encoding="UTF-8"?>
<!DOCTYPE mapper PUBLIC "-//mybatis.org//DTD Mapper 3.0//EN"
"http://mybatis.org/dtd/mybatis-3-mapper.dtd">
<mapper namespace="com.jsjf.dao.commodity.JsCommodityOrderDAO">
  <resultMap id="BaseResultMap" type="com.jsjf.model.commodity.JsCommodityOrder">
	<result column="id" property="id" />
	<result column="no" property="no" />
	<result column="commodityid" property="commodityid" />
	<result column="uid" property="uid" />
	<result column="mobile" property="mobile" />
	<result column="receiving_phone" property="receivingPhone" />
	<result column="address" property="address" />
	<result column="integral" property="integral" />
	<result column="number" property="number" />
	<result column="addDate" property="addDate" />
	<result column="status" property="status" />
  </resultMap>
 <sql id="base_Sql">
    id,no,commodityid,uid,mobile,receiving_phone,address,integral,number,addDate,status
 </sql>
 <delete id="deleteByPrimaryKey" parameterType="java.lang.Integer">
    delete from js_commodity_order
    where id = #{id}
 </delete>
 <insert id="insert" parameterType="com.jsjf.model.commodity.JsCommodityOrder">
    insert into js_commodity_order (no,commodityid,uid,mobile,receiving_phone,address,integral,number,addDate,status)
    values (#{no},#{commodityid},#{uid},#{mobile},#{receivingPhone},#{address},#{integral},#{number},#{addDate},#{status})
 </insert>
 <insert id="insertSelective" parameterType="com.jsjf.model.commodity.JsCommodityOrder">
    insert into js_commodity_order
    <trim prefix="(" suffix=")" suffixOverrides=",">
      <if test="no != null and no != ''">
        no,
      </if>    
      <if test="commodityid != null">
        commodityid,
      </if>    
      <if test="uid != null">
        uid,
      </if>    
      <if test="mobile != null and mobile != ''">
        mobile,
      </if>    
      <if test="receivingPhone != null and receivingPhone != ''">
        receiving_phone,
      </if>    
      <if test="address != null and address != ''">
        address,
      </if>    
      <if test="integral != null">
        integral,
      </if>    
      <if test="number != null">
        number,
      </if>    
      <if test="addDate != null">
        addDate,
      </if>    
      <if test="status != null">
        status,
      </if>    
    </trim>
    <trim prefix="(" suffix=")" suffixOverrides=",">     
      <if test="no != null and no != ''">
          #{no},
      </if>    
      <if test="commodityid != null">
          #{commodityid},
      </if>    
      <if test="uid != null">
          #{uid},
      </if>    
      <if test="mobile != null and mobile != ''">
          #{mobile},
      </if>    
      <if test="receivingPhone != null and receivingPhone != ''">
          #{receivingPhone},
      </if>    
      <if test="address != null and address != ''">
          #{address},
      </if>    
      <if test="integral != null">
          #{integral},
      </if>    
      <if test="number != null">
          #{number},
      </if>    
      <if test="addDate != null">
          #{addDate},
      </if>    
      <if test="status != null">
          #{status},
      </if>    
    </trim>
  </insert>
 <select id="selectByPrimaryKey" parameterType="java.lang.Integer" resultMap="BaseResultMap">
    select 
    <include refid="base_Sql" />
    from js_commodity_order
    where id = #{id}
 </select>
  <update id="updateByPrimaryKey" parameterType="com.jsjf.model.commodity.JsCommodityOrder">
    update js_commodity_order
    <set>    
        no = #{no},
        commodityid = #{commodityid},
        uid = #{uid},
        mobile = #{mobile},
        receiving_phone = #{receivingPhone},
        address = #{address},
        integral = #{integral},
        number = #{number},
        addDate = #{addDate},
        status = #{status},
    </set>
     where id = #{id}
  </update>
  <update id="updateByPrimaryKeySelective" parameterType="com.jsjf.model.commodity.JsCommodityOrder">
    update js_commodity_order
    <set>    
      <if test="no != null and no !=''">
        no = #{no},
      </if>
      <if test="commodityid != null">
        commodityid = #{commodityid},
      </if>
      <if test="uid != null">
        uid = #{uid},
      </if>
      <if test="mobile != null and mobile !=''">
        mobile = #{mobile},
      </if>
      <if test="receivingPhone != null and receivingPhone !=''">
        receiving_phone = #{receivingPhone},
      </if>
      <if test="address != null and address !=''">
        address = #{address},
      </if>
      <if test="integral != null">
        integral = #{integral},
      </if>
      <if test="number != null">
        number = #{number},
      </if>
      <if test="addDate != null">
        addDate = #{addDate},
      </if>
      <if test="status != null">
        status = #{status},
      </if>
    </set>
     where id = #{id}
  </update>
</mapper>