<?xml version="1.0" encoding="UTF-8"?>
<!DOCTYPE mapper PUBLIC "-//mybatis.org//DTD Mapper 3.0//EN"
"http://mybatis.org/dtd/mybatis-3-mapper.dtd">
<mapper namespace="com.jsjf.dao.commodity.JsCommodityImagesDAO">
  <resultMap id="BaseResultMap" type="com.jsjf.model.commodity.JsCommodityImages">
	<result column="id" property="id" />
	<result column="commodityid" property="commodityid" />
	<result column="url" property="url" />
	<result column="status" property="status" />
  </resultMap>
 <sql id="base_Sql">
    id,commodityid,url,status
 </sql>
 <delete id="deleteByPrimaryKey" parameterType="java.lang.Integer">
    delete from js_commodity_images
    where id = #{id}
 </delete>
 <insert id="insert" parameterType="com.jsjf.model.commodity.JsCommodityImages">
    insert into js_commodity_images (commodityid,url,status)
    values (#{commodityid},#{url},#{status})
 </insert>
 <insert id="insertSelective" parameterType="com.jsjf.model.commodity.JsCommodityImages">
    insert into js_commodity_images
    <trim prefix="(" suffix=")" suffixOverrides=",">
      <if test="commodityid != null">
        commodityid,
      </if>    
      <if test="url != null and url != ''">
        url,
      </if>    
      <if test="status != null and status != ''">
        status,
      </if>    
    </trim>
    <trim prefix="(" suffix=")" suffixOverrides=",">     
      <if test="commodityid != null">
          #{commodityid},
      </if>    
      <if test="url != null and url != ''">
          #{url},
      </if>    
      <if test="status != null and status != ''">
          #{status},
      </if>    
    </trim>
  </insert>
 <select id="selectByPrimaryKey" parameterType="java.lang.Integer" resultMap="BaseResultMap">
    select 
    <include refid="base_Sql" />
    from js_commodity_images
    where id = #{id}
 </select>
  <update id="updateByPrimaryKey" parameterType="com.jsjf.model.commodity.JsCommodityImages">
    update js_commodity_images
    <set>    
        commodityid = #{commodityid},
        url = #{url},
        status = #{status},
    </set>
     where id = #{id}
  </update>
  <update id="updateByPrimaryKeySelective" parameterType="com.jsjf.model.commodity.JsCommodityImages">
    update js_commodity_images
    <set>    
      <if test="commodityid != null">
        commodityid = #{commodityid},
      </if>
      <if test="url != null and url !=''">
        url = #{url},
      </if>
      <if test="status != null and status !=''">
        status = #{status},
      </if>
    </set>
     where id = #{id}
  </update>
</mapper>